objectid,cod_bosq_m,nombre,ubicacion,escala,tp,tp_desc,ro_cr_ac_m,cod_dnf,aviso,area_ha,area,perimeter
1.00000,HB02001,BARRIO SUSUCO,"PROVINCIA: LOJA; CANTON: SOZORANGA",50000.00000,TP1,ESTATAL,REGISTRO OFICIAL NO.21 DEL 8 SEPTIEMBRE DE 1992 CON RESOLUCION MINISTERIAL NO. 422 DEL 5 AGOSTO DE 1992,BVP01,INFORMACION EN VERIFICACION,101.73799,1017379.90967,4312.65356
2.00000,HB02002,DAULE - PERIPA,"PROVINCIA: MANABI, GUAYAS, LOS RIOS, SANTO DOMINGO; CANTON: EL CARMEN, MANGA DEL CURA, BUENA FE, CHONE",50000.00000,TP1,ESTATAL Y PRIVADO,REGISTRO OFICIAL NO. 684 DEL 13 MAYO DE 1987 CON RESOLUCION MINISTERIAL NO.131 DEL 8 MAYO DE 1987,BVP02,INFORMACION EN VERIFICACION,219574.09923,2195740992.34668,349715.73191
3.00000,HB02003,ASOCIACION AGRICOLA CARCHI - IMBABURA,"PROVINCIA: ESMERALDAS; CANTON: SAN LORENZO",50000.00000,TP2,PRIVADO,REGISTRO OFICIAL NO. 473 DEL 30 JUNIO DE 1994 CON RESOLUCION MINISTERIAL NO. 29 DEL 1 JUNIO DE 1994,BVP03,INFORMACION EN VERIFICACION,2363.58343,23635834.34570,33419.16366
4.00000,HB02004,"CUENCAS DE LOS RIOS TABIAZO, ATACAMES, SUA Y TONCHIGUE","PROVINCIA: ESMERALDAS; CANTON: ATACAMES, ESMERALDAS",50000.00000,TP1,ESTATAL,REGISTRO OFICIAL NO. 429 DEL 3 DE MAYO DE 1990 CON RESOLUCION MINISTERIAL NO.234 DEL 24 DE ABRIL DE 1990,BVP04,INFORMACION EN VERIFICACION,8991.10554,89911055.39795,239832.41155
5.00000,HB02007,CARRIZAL - CHONE,"PROVINCIA: MANAB; CANTON: BOLIVAR, CHONE, PICHINCHA",50000.00000,TP1,ESTATAL,REGISTRO OFICIAL NO. 52 DEL 24 OCTUBRE DE 1988 CON RESOLUCION MINISTERIAL NO. 55 DEL 12 OCTUBRE 1988,BVP05,INFORMACION EN VERIFICACION,83429.85123,834298512.31885,203967.71572
6.00000,HB02008,SURO CHIQUITO,"PROVINCIA: PICHINCHA; CANTON: RUMINAHUI",50000.00000,TP2,PRIVADO,REGISTRO OFICIAL NO. 172 DEL 14 DE OCTUBRE DE 1997 CON RESOLUCION MINISTERIAL NO.38 DEL 19 DE ENERO DE 1997,BVP06,INFORMACION EN VERIFICACION,37.60436,376043.62744,2401.34722
7.00000,HB02009,CUBILAN,"PROVINCIA: CANAR; CANTON: BIBLIAN, AZOGUES",50000.00000,TP1,ESTATAL,REGISTRO OFICIAL NO. 303 DEL 9 DE AGOSTO DE 1982 CON RESOLUCION MINISTERIAL NO. 228 DEL 23 DE JULIO DE 1982,BVP07,INFORMACION EN VERIFICACION,1011.09854,10110985.37305,15520.89561
9.00000,HB02012,CASACAY,"PROVINCIA: EL ORO; CANTON: CHILLA, PASAJE",50000.00000,TP1,ESTATAL,REGISTRO OFICIAL NO. 109 DEL 15 ENERO DE 1997 CON RESOLUCION MINISTERIAL NO. 2 DEL 7 ENERO DE 1997,BVP09,INFORMACION EN VERIFICACION,12577.06831,125770683.12158,58331.21066
10.00000,HB02013,CASHCA TOTORAS,"PROVINCIA: BOLIVAR, CHIMBORAZO; CANTON: SAN MIGUEL, COLTA",50000.00000,TP1,ESTATAL,REGISTRO OFICIAL NO. 83 DEL 9 DICIEMBRE DE 1988 CON RESOLUCION MINISTERIAL NO. 144 DEL 1 DICIEMBRE DE 1988,BVP010,INFORMACION EN VERIFICACION,6471.85704,64718570.42871,43373.58452
11.00000,HB02014,NEBLINA SUR,"PROVINCIA: IMBABURA; CANTON: COTACACHI",50000.00000,TP1,ESTATAL,REGISTRO OFICIAL NO.67 DEL 16 DE NOVIEMBRE DE 2009 CON RESOLUCION MINISTERIAL NO.80 DEL 25 DE SEPTIEMBRE DE 2009,BVP011,INFORMACION EN VERIFICACION,1029.36566,10293656.58643,22611.51770
12.00000,HB02016,CERRO BLANCO,"PROVINCIA: GUAYAS; CANTON: GUAYAQUIL",50000.00000,TP2,PRIVADO,"REGISTRO OFICIAL NO. 180 DEL 28 DE ABRIL DE 1989 CON RESOLUCION MINISTERIAL NO. 146, MODIFICATORIA 6 DE NOVIEMBRE 2000",BVP013,INFORMACION EN VERIFICACION,3397.77787,33977778.66699,35936.42039
13.00000,HB02017,GINEALES SAMANA Y MUMBES,"PROVINCIA: LOS RIOS; CANTON: BABAHOYO, CALUMA",50000.00000,TP3,ESTATAL Y PRIVADO,REGISTRO OFICIAL NO. 409 DEL 28 DE JUNIO DE 1984 CON RESOLUCION MINISTERIAL NO.255 DEL 21 DE MAYO DE 1968,BVP014,INFORMACION EN VERIFICACION,3425.13334,34251333.44824,25297.22062
14.00000,HB02018,CERRO GOLONDRINAS,"PROVINCIA: CARCHI; CANTON: TULCAN, ESPEJO, MIRA",50000.00000,TP1,ESTATAL Y PRIVADO,REGISTRO OFICIAL NO. 806 DEL 20 DE SEPTIEMBRE DE 1995 CON RESOLUCION MINISTERIAL NO. 5 DEL 31 DE ENERO DE 1995,BVP015,INFORMACION EN VERIFICACION,13550.26523,135502652.30176,66647.24933
15.00000,HB02019,CIUDAD DE LOS MUCHACHOS,"PROVINCIA: ESMERALDAS; CANTON: ESMERALDAS",50000.00000,TP2,PRIVADO,REGISTRO OFICIAL NO. 156 DEL 26 DE MARZO DE 1993 CON RESOLUCION MINISTERIAL NO. 4 DEL 22 DE DICIEMBRE DE 1992,BVP016,INFORMACION EN VERIFICACION,63.08421,630842.09082,4438.47582
16.00000,HB02020,RIO LELIA,"PROVINCIA: SANTO DOMINGO DE LOS TSACHILAS; CANTON: SANTO DOMINGO",50000.00000,TP1,ESTATAL,REGISTRO OFICIAL NO. 471 DEL 28 DE JUNIO DE 1994 CON RESOLUCION MINISTERIAL NO.8 DEL 17 DE FEBRERO DE 1994,BVP017,INFORMACION EN VERIFICACION,3234.00464,32340046.45264,27119.92860
17.00000,HB02021,"CUENCA RIO GUAYLLABAMBA (AREA 2), AREA ENTRE EL RIO TULUMBI Y MARGEN DERECHA DEL RIO ALAMBI","PROVINCIA: PICHINCHA; CANTON: QUITO",50000.00000,TP1,ESTATAL,REGISTRO OFICIAL NO. 213 DEL 16 DE JUNIO DE 1989 CON RESOLUCION MINISTERIAL NO. 226 DEL 7 DE JUNIO DE 1989,BVP018,INFORMACION EN VERIFICACION,1174.30193,11743019.31689,17576.02312
18.00000,HB02022,RIO ARENILLAS PRESA TAHUIN,"PROVINCIA: EL ORO; CANTON: ARENILLAS, ATAHUALPA",50000.00000,TP1,ESTATAL,REGISTRO OFICIAL NO. 111 DEL 18 DE ENERO DE 1989 CON RESOLUCION MINISTERIAL NO.24 DEL 10 DE ENERO DE 1989,BVP019,INFORMACION EN VERIFICACION,47210.57658,472105765.77051,140616.07496
19.00000,HB02023,CUENCA DEL RIO CAJONES,"PROVINCIA: SANTO DOMINGO DE LOS TSACHILAS; CANTON: SANTO DOMINGO",50000.00000,TP1,ESTATAL,REGISTRO OFICIAL NO. 348 DEL 26 DE JUNIO DE 1998 CON RESOLUCION MINISTERIAL NO.26 DEL 17 DE JUNIO DE 1988,BVP020,INFORMACION EN VERIFICACION,881.76022,8817602.15088,50448.01128
20.00000,HB02024,COLAMBO - YACURI,"PROVINCIA: ZAMORA CHINCHIPE; CANTON: GONZAMA",50000.00000,TP1,ESTATAL Y PRIVADO,REGISTRO OFICIAL NO. 519 DEL 21 DE FEBRERO DE 2002 CON RESOLUCION MINISTERIAL NO. 17 DEL 30 DE ENERO DE 2002,BVP021,INFORMACION EN VERIFICACION,97.52936,975293.61719,6029.39362
21.00000,HB02026,CUENCA DEL RIO CUBE,"PROVINCIA: ESMERALDAS; CANTON: QUININDE",50000.00000,TP1,ESTATAL,REGISTRO OFICIAL NO. 448 DEL 31 DE MAYO DE 1990 CON RESOLUCION MINISTERIAL NO. 307 DEL 22 DE MAYO DE 1990,BVP022,INFORMACION EN VERIFICACION,1044.56660,10445666.02100,20221.55605
22.00000,HB02027,CUMANDA,"PROVINCIA: NAPO; CANTON: QUIJOS",50000.00000,TP2,PRIVADO,REGISTRO OFICIAL NO. 413 DEL 5 DE ABRIL 1994 CON RESOLUCION MINISTERIAL NO.46 DEL 13 DE DICIEMBRE DE 1993,BVP023,INFORMACION EN VERIFICACION,42.18110,421811.00391,4580.24347
23.00000,HB02028,CUSHNIRUMI (SAN ALBERTO),"PROVINCIA: IMBABURA; CANTON: OTAVALO",50000.00000,TP2,PRIVADO,REGISTRO OFICIAL NO. 471 DEL 28 DE JUNIO DE 1994 CON RESOLUCION MINISTERIAL NO.3 DEL 18 DE ENERO DE 1994,BVP024,INFORMACION EN VERIFICACION,84.39064,843906.37305,4787.27139
24.00000,HB02029,CHILCAPAMBA Y AROMAPAMBA,"PROVINCIA: PICHINCHA; CANTON: QUITO",50000.00000,TP2,PRIVADO,REGISTRO OFICIAL NO. 476 DEL 10 DE JULIO DE 1990 CON RESOLUCION MINISTERIAL NO. 401 DEL 3 DE JULIO DE 1990,BVP025,INFORMACION EN VERIFICACION,89.58840,895884.00000,3892.59973
25.00000,HB02030,CHILICAY Y MANUELITA,"PROVINCIA: CHIMBORAZO; CANTON: CUMANDA",50000.00000,TP2,PRIVADO,REGISTRO OFICIAL NO. 187 DEL 11 DE MAYO DE 1993 CON RESOLUCION MINISTERIAL NO. 5 DEL 22 DE DICIEMBRE DE 1992,BVP026,INFORMACION EN VERIFICACION,618.75446,6187544.62109,12064.53469
26.00000,HB02031,CHILLANES BUCAY,"PROVINCIA: BOLIVAR, GUAYAS; CANTON: CHILLANES, GENERAL ANTONIO ELIZALDE",50000.00000,TP1,ESTATAL,REGISTRO OFICIAL NO. 112 DEL 26 DE MARZO DE 1989 CON RESOLUCION MINISTERIAL NO. 27 DEL 10 DE ENERO DE 1989,BVP027,INFORMACION EN VERIFICACION,1918.27333,19182733.32471,22844.58898
27.00000,HB02032,SAN SEGUNDO,"PROVINCIA: PICHINCHA; CANTON: QUITO",50000.00000,TP2,PRIVADO,"REGISTRO OFICIAL NO. 22 DEL 09 DE SEPTIEMBRE DE 1998, MODIFICATORIA REGISTRO OFICIAL 261 24 DE AGOSTO DE 1999",BVP028,INFORMACION EN VERIFICACION,32.46370,324637.00000,2698.73593
28.00000,HB02033,EL BOSQUE,"PROVINCIA: LOJA; CANTON: LOJA",50000.00000,TP2,PRIVADO,REGISTRO OFICIAL NO. 472 DEL 29 DE JUNIO DE 1994 CON RESOLUCION MINISTERIAL NO. 21 DEL 13 DE ABRIL DE 1994,BVP029,INFORMACION EN VERIFICACION,678.00969,6780096.90625,14633.06925
29.00000,HB02035,EL GUABO,"PROVINCIA: LOJA; CANTON: CALVAS",50000.00000,TP1,ESTATAL,REGISTRO OFICIAL NO. 946 DEL 31 DE MAYO DE 1988 CON RESOLUCION MINISTERIAL NO. 180 DEL 17 DE MAYO DE 1988,BVP030,INFORMACION EN VERIFICACION,2304.98132,23049813.15186,25550.04531
80.00000,HB02096,LOS CEDROS,"PROVINCIA: IMBABURA; CANTON: COTACACHI",50000.00000,TP2,PRIVADO,REGISTRO OFICIAL NO. 620 DEL 26 DE ENERO DE 1995 CON RESOLUCION MINISTERIAL NO.57 DEL 19 DE OCTUBRE DE 1994,BVP081,INFORMACION EN VERIFICACION,5255.62158,52556215.82129,37284.72158
30.00000,HB02036,ESTACION CIENTIFICA RIO GUAJALITO,"PROVINCIA: SANTO DOMINGO DE LOS TSACHILAS; CANTON: SANTO DOMINGO",50000.00000,TP2,PRIVADO,REGISTRO OFICIAL NO. 808 DEL 7 DE SEPTIEMBRE DE 1995 CON RESOLUCION MINISTERIAL NO.40 DEL 7 DE SEPTIEMBRE DE 1995,BVP031,INFORMACION EN VERIFICACION,385.41603,3854160.27588,9053.43326
31.00000,HB02037,ESTERO SALADO,"PROVINCIA: GUAYAS; CANTON: GUAYAQUIL",50000.00000,TP1,ESTATAL,REGISTRO OFICIAL NO. 547 DEL 21 DE OCTUBRE DE 1986 CON RESOLUCION MINISTERIAL NO. 406 DEL 30 DE SEPTIEMBRE DE 1986,BVP032,INFORMACION EN VERIFICACION,47.14813,471481.27588,5464.80293
32.00000,HB02038,HACIENDA AGUALLACA,"PROVINCIA: COTOPAXI; CANTON: PUJILI",50000.00000,TP2,PRIVADO,REGISTRO OFICIAL NO. 75 DEL 28 DE NOVIEMBRE DE 1988 CON RESOLUCION MINISTERIAL NO.116 DEL 12 DE NOVIEMBRE DE 1988,BVP033,INFORMACION EN VERIFICACION,1647.98487,16479848.73975,19657.51425
33.00000,HB02039,HACIENDA CIGASA,"PROVINCIA: GUAYAS, AZUAY; CANTON: GUAYAQUIL, CAMILO PONCE ENRIQUEZ",50000.00000,TP2,PRIVADO,REGISTRO OFICIAL NO. 575 DEL 3 DE DICIEMBRE DE 1990 CON RESOLUCION MINISTERIAL NO.625 DEL 27 DE SEPTIEMBRE DE 1990,BVP034,INFORMACION EN VERIFICACION,465.03147,4650314.69531,8596.19807
34.00000,HB02040,HACIENDA SHISHIMBE,"PROVINCIA: BOLIVAR; CANTON: CHILLANES",50000.00000,TP2,PRIVADO,REGISTRO OFICIAL NO. 787 DEL 7 DE OCTUBRE DE 1987 CON RESOLUCION MINISTERIAL NO.389 DEL 29 DE SEPTIEMBRE DE 1987,BVP035,INFORMACION EN VERIFICACION,1352.22675,13522267.53418,24325.03790
35.00000,HB02041,CUENCA DEL RIO MALACATOS EN LOJA,"PROVINCIA: LOJA; CANTON: LOJA",50000.00000,TP1,ESTATAL,REGISTRO OFICIAL NO. 96 DEL 28 DE DICIEMBRE DE 1988 CON RESOLUCION MINISTERIAL NO.90 DEL 17 DE NOVIEMBRE DE 1988,BVP036,INFORMACION EN VERIFICACION,8437.29008,84372900.77197,151709.62954
36.00000,HB02042,LA CHORRERA,"PROVINCIA: LOJA; CANTON: LOJA",50000.00000,TP1,ESTATAL,REGISTRO OFICIAL NO. 413 DEL 5 DE ABRIL DE 1994 CON RESOLUCION MINISTERIAL NO.47 DEL 17 DE DICIEMBRE DE 1993,BVP037,INFORMACION EN VERIFICACION,2045.00210,20450020.98438,23424.17662
37.00000,HB02043,LA INDIANA,"PROVINCIA: SANTO DOMINGO DE LOS TSACHILAS; CANTON: SANTO DOMINGO",50000.00000,TP2,PRIVADO,REGISTRO OFICIAL NO. 471 DEL 28 DE JUNIO DE 1994 CON RESOLUCION MINISTERIAL NO.5 DEL 1 DE FEBRERO DE 1994,BVP038,INFORMACION EN VERIFICACION,165.95279,1659527.87793,5950.06895
38.00000,HB02044,LAMONE,"PROVINCIA: ESMERALDAS; CANTON: RIO VERDE",50000.00000,TP2,PRIVADO,REGISTRO OFICIAL NO. 620 DEL 26 DE ENERO DE 1995 CON RESOLUCION MINISTERIAL NO.48 DEL 22 DE SEPTIEMBRE DE 1994,BVP039,INFORMACION EN VERIFICACION,2897.56378,28975637.74951,26630.66004
39.00000,HB02046,LA PROSPERINA,"PROVINCIA: GUAYAS; CANTON: GUAYAQUIL",50000.00000,TP2,PRIVADO,REGISTRO OFICIAL NO. 472 DEL 29 DE JUNIO DE 1994 CON RESOLUCION MINISTERIAL NO.23 DEL 15 DE ABRIL DE 1994,BVP040,INFORMACION EN VERIFICACION,242.35653,2423565.29102,12136.02197
40.00000,HB02047,LOMA ALTA Y AMPLIACION,"PROVINCIA: SANTA ELENA; CANTON: SANTA ELENA",50000.00000,TP2,PRIVADO,REGISTRO OFICIAL NO. 710 DEL 18 DE JUNIO DE 1987 CON RESOLUCION MINISTERIAL NO.202 DEL 5 DE JUNIO DE 1987,BVP041,INFORMACION EN VERIFICACION,2863.38319,28633831.87744,28414.52567
41.00000,HB02048,MAQUIPUCUNA,"PROVINCIA: PICHINCHA; CANTON: QUITO",50000.00000,TP2,PRIVADO,REGISTRO OFICIAL NO. 132 DEL 20 DE FEBRERO DE 1989 CON RESOLUCION MINISTERIAL NO.62 DEL 10 DE FEBRERO DE 1989,BVP042,INFORMACION EN VERIFICACION,2474.21927,24742192.74756,24940.07543
42.00000,HB02049,SUBCUENCAS DE LOS RIOS MATIAVI Y MULIDIANHUAN (PENA BLANCA),"PROVINCIA: BOLIVAR; CANTON: GUARANDA",50000.00000,TP2,PRIVADO,REGISTRO OFICIAL NO. 35 DEL 28 DE SEPTIEMBRE DE 1988 CON RESOLUCION MINISTERIAL NO.23 DEL 22 DEL SEPTIEMBRE DE 1988,BVP043,INFORMACION EN VERIFICACION,972.67825,9726782.51807,18227.19064
125.00000,HB02153,LA CEIBA,"PROVINCIA: LOJA; CANTON: ZAPOTILLO",50000.00000,TP1,ESTATAL,REGISTRO OFICIAL NO. 305 DEL 21 DE OCTUBRE DE 1998,BVP0126,INFORMACION EN VERIFICACION,9182.54784,91825478.41113,86606.79800
43.00000,HB02050,MAZAN,"PROVINCIA: AZUAY; CANTON: CUENCA",50000.00000,TP1,ESTATAL,REGISTRO OFICIAL NO. 303 DEL 09 DE AGOSTO DE 1982,BVP044,INFORMACION EN VERIFICACION,2395.86230,23958623.04395,22006.45686
44.00000,HB02051,"MICROCUENCA QUEBRADA JORUPE Y CERROS JATOPAMBA , SHULO CHUQUI Y MURINUMA","PROVINCIA: LOJA; CANTON: MACARA Y SOZORANGA Y NUEVA FATIMA",50000.00000,TP1,ESTATAL,REGISTRO OFICIAL NO. 930 DEL 22 DE ABRIL DE 1996 CON RESOLUCION MINISTERIAL NO.11 DEL 27 DE MARZO DE 1996,BVP045,INFORMACION EN VERIFICACION,8026.55895,80265589.53857,67592.65341
45.00000,HB02052,MOJANDA GRANDE,"PROVINCIA: PICHINCHA; CANTON: QUITO",50000.00000,TP2,PRIVADO,REGISTRO OFICIAL NO. 617 DEL 23 DE ENERO DE 1995 CON RESOLUCION MINISTERIAL NO.47 DEL 22 DE SEPTIEMBRE DE 1994,BVP046,INFORMACION EN VERIFICACION,815.57773,8155777.25439,21639.55203
46.00000,HB02053,MORAVIA,"PROVINCIA: PASTAZA; CANTON: MERA",50000.00000,TP2,PRIVADO,REGISTRO OFICIAL NO. 172 DEL 14 DE OCTUBRE DE 1997 CON RESOLUCION MINISTERIAL NO.29 DEL 11 DE JULIO DE 1997,BVP047,INFORMACION EN VERIFICACION,603.87160,6038716.04346,11554.24931
47.00000,HB02054,CUENCA DEL RIO MORO - MORO,"PROVINCIA: EL ORO; CANTON: PINAS",50000.00000,TP1,ESTATAL,REGISTRO OFICIAL NO. 891 DEL 11 DE MARZO DE 1992 CON RESOLUCION MINISTERIAL NO. 112 DEL 25 DE FEBRERO DE 1992,BVP048,INFORMACION EN VERIFICACION,3138.74110,31387410.96143,25713.24760
48.00000,HB02055,NARANJA PATA,"PROVINCIA: BOLIVAR; CANTON: CALUMA, CHIMBO",50000.00000,TP2,PRIVADO,REGISTRO OFICIAL NO.620 DEL 26 DE ENERO DE 1995 CON RESOLUCION MINISTERIAL NO.58 DEL 27 DE DICIEMBRE DE 1994,BVP049,INFORMACION EN VERIFICACION,170.52569,1705256.88672,6635.83633
49.00000,HB02056,PAJAS DE ORO,"PROVINCIA: IMBABURA; CANTON: COTACACHI",50000.00000,TP2,PRIVADO,REGISTRO OFICIAL NO.172 DEL 14 DE OCTUBRE DE 1997 CON RESOLUCION MINISTERIAL NO.32 DEL 17 DE JULIO DE 1997,BVP050,INFORMACION EN VERIFICACION,278.36631,2783663.12939,8819.38658
50.00000,HB02057,PATA DE PAJARO,"PROVINCIA: MANABI; CANTON: PEDERNALES",50000.00000,TP1,ESTATAL,REGISTRO OFICIAL NO. 808 DEL 24 DE OCTUBRE DE 1995 CON RESOLUCION MINISTERIAL NO.38 DEL 25 DE AGOSTO DE 1995,BVP051,INFORMACION EN VERIFICACION,4336.53209,43365320.90771,114360.71417
51.00000,HB02058,HACIENDA PIGANTA,"PROVINCIA: PICHINCHA; CANTON: QUITO",50000.00000,TP2,PRIVADO,REGISTRO OFICIAL NO. 33 DEL 26 DE SEPTIEMBRE DE 1984 CON RESOLUCION MINISTERIAL NO.432 DE AGOSTO DE 1984,BVP052,INFORMACION EN VERIFICACION,1005.19279,10051927.92920,20962.60105
52.00000,HB02059,PISHASHI,"PROVINCIA: PICHINCHA; CANTON: QUITO",50000.00000,TP2,PRIVADO,REGISTRO OFICIAL NO. 335 DEL 13 DE DICIEMBRE DE 1993 CON RESOLUCION MINISTERIAL NO.36 DEL 9 DE NOVIEMBRE DE 1993,BVP053,INFORMACION EN VERIFICACION,32.64777,326477.73535,2960.37039
126.00000,HB02154,MASHPI,"PROVINCIA: PICHINCHA; CANTON: QUITO",50000.00000,TP2,PRIVADO,REGISTRO OFICIAL NO. 439 DEL 11 DE OCTUBRE DE 2004 CON RESOLUCION MINISTERIAL NO.88  DEL 16 DE SEPTIEMBRE DE 2004,BVP0127,INFORMACION EN VERIFICACION,1178.22295,11782229.46777,18224.29616
127.00000,HB02155,LA CASCADA,"PROVINCIA: NAPO; CANTON: EL CHACO",50000.00000,TP1,ESTATAL,REGISTRO OFICIAL NO. 274 DEL 12 DE MARZO DE 1998 CON RESOLUCION MINISTERIAL NO.3 DEL 20 DE FEBRERO DE 1998,BVP0128,INFORMACION EN VERIFICACION,26380.00515,263800051.48291,103909.09841
53.00000,HB02062,SAN FRANCISCO,"PROVINCIA: PICHINCHA; CANTON: SAN MIGUEL DE LOS BANCOS",50000.00000,TP2,PRIVADO,REGISTRO OFICIAL NO. 620 DEL 20 DE ENERO DE 1995 CON RESOLUCION MINISTERIAL NO.66 DEL 28 DE NOVIEMBRE DE 1994,BVP054,INFORMACION EN VERIFICACION,275.06004,2750600.43945,7398.03564
54.00000,HB02063,SANCAN Y CERRO MONTECRISTI,"PROVINCIA: MANABI; CANTON: MONTECRISTI",50000.00000,TP1,ESTATAL,REGISTRO OFICIAL NO. 952 DEL 23 DE MAYO DE 1996 CON RESOLUCION MINISTERIAL NO.24 DEL 30 DE ABRIL DE 1996,BVP055,INFORMACION EN VERIFICACION,8064.44779,80644477.91602,143844.08101
56.00000,HB02066,SIEMPRE VERDE,"PROVINCIA: IMBABURA; CANTON: COTACACHI",50000.00000,TP2,PRIVADO,REGISTRO OFICIAL NO. 47 DEL 29 DE JUNIO DE 1994 CON RESOLUCION MINISTERIAL NO.12 DEL 6 DE ENERO DE 1994,BVP057,INFORMACION EN VERIFICACION,406.58982,4065898.22217,8501.56080
57.00000,HB02067,SIEMPRE VIDA,"PROVINCIA: IMBABURA; CANTON: COTACACHI",50000.00000,TP1,ESTATAL,REGISTRO OFICIAL NO. 808 DEL 24 DE ACTUBRE DE 1995 CON RESOLUCION MINISTERIAL NO.17 DEL 5 DE MAYO DE 1995,BVP058,INFORMACION EN VERIFICACION,310.23961,3102396.08105,8077.00332
58.00000,HB02068,SUBCUENCA DEL RIO CHONGON,"PROVINCIA: GUAYAS, SANTA ELENA; CANTON: SANTA ELENA, GUAYAQUIL",50000.00000,TP1,ESTATAL,REGISTRO OFICIAL NO. 618 DEL 24 DE ENERO DE 1995,BVP059,INFORMACION EN VERIFICACION,17037.49385,170374938.49951,89566.14038
59.00000,HB02069,SUBCUENCAS DE LOS RIOS CANTA-GALLO Y JIPIJAPA,"PROVINCIA: MANABI; CANTON: JIPIJAPA",50000.00000,TP2,PRIVADO,REGISTRO OFICIAL NO. 112 DEL 19 DE ENERO DE 1989 CON RESOLUCION MINISTERIAL NO.28 DEL 10 DE ENERO DE 1989,BVP060,INFORMACION EN VERIFICACION,6541.92920,65419292.01758,68694.20298
60.00000,HB02070,SUN SUN YANASACHA,"PROVINCIA: AZUAY; CANTON: CUENCA",50000.00000,TP1,ESTATAL Y PRIVADO,REGISTRO OFICIAL NO. 552 DEL 8 DEL AGOSTO DE 1983 CON RESOLUCION MINISTERIAL NO.206 DEL 8 DE JULIO DE 1983,BVP061,INFORMACION EN VERIFICACION,4851.45485,48514548.53369,62403.33635
61.00000,HB02071,ANIMANGA O TAMINANGA GRANDE,"PROVINCIA: IMBABURA; CANTON: OTAVALO",50000.00000,TP2,PRIVADO,REGISTRO OFICIAL NO. 17 DEL 4 SEPTIEMBRE DE 1979 CON RESOLUCION MINISTERIAL NO. 4 DEL 28 AGOSTO DE 1979,BVP062,INFORMACION EN VERIFICACION,1096.13152,10961315.22070,16406.22345
62.00000,HB02073,TOTORILLAS,"PROVINCIA: AZUAY; CANTON: CUENCA",50000.00000,TP2,PRIVADO,REGISTRO OFICIAL NO. 303 DEL 9 DE AGOSTO DE 1982 CON RESOLUCION MINISTERIAL NO.229 DEL 23 DE JULIO DE 1982,BVP063,INFORMACION EN VERIFICACION,778.26840,7782684.01367,13314.12085
63.00000,HB02074,UMBRIA,"PROVINCIA: PICHINCHA; CANTON: MEJIA",50000.00000,TP1,ESTATAL,REGISTRO OFICIAL NO. 472 DEL 29 DE JUNIO DE 1994 CON RESOLUCION MINISTERIAL NO.24 DEL 18 DE ABRIL DE 1994,BVP064,INFORMACION EN VERIFICACION,971.24978,9712497.84521,14718.09915
64.00000,HB02075,ZARAPULLO,"PROVINCIA: COTOPAXI; CANTON: SIGCHOS",50000.00000,TP2,PRIVADO,REGISTRO OFICIAL NO. 489 DEL 30 DE JULIO DE 1986 CON RESOLUCION MINISTERIAL NO.234 DEL 26 DE JUNIO DE 1986,BVP065,INFORMACION EN VERIFICACION,21328.83357,213288335.69629,93195.81839
65.00000,HB02076,ZHIQUE SALADO,"PROVINCIA: LOJA; CANTON: LOJA",50000.00000,TP2,PRIVADO,REGISTRO OFICIAL NO. 363 DEL 20 DE ENERO DE 1994 CON RESOLUCION MINISTERIAL NO.41 DEL 19 DE NOVIEMBRE DE 1993,BVP066,INFORMACION EN VERIFICACION,84.54974,845497.36035,3637.97688
66.00000,HB02077,CORDILLERA CHONGON COLONCHE,"PROVINCIA: MANABI, GUAYAS, SANTA ELENA; CANTON: JIPIJAPA, SANTA ELENA, PEDRO CARBO",50000.00000,TP2,PRIVADO,REGISTRO OFICIAL NO. 619 DEL 25 DE ENERO DE 1995 CON RESOLUCION MINISTERIAL NO. 43 DEL 5 DE SETIEMBRE DE 1994,BVP067,INFORMACION EN VERIFICACION,83953.62567,839536256.64502,422338.95353
67.00000,HB02078,BOSQUE PETRIFICADO DEL PUYANGO,"PROVINCIA: LOJA Y EL ORO; CANTON: PUYANGO",50000.00000,TP3,ESTATAL Y PRIVADO,REGISTRO OFICIAL NO. 621 DEL 9 FEBRERO DE 1987 CON RESOLUCION MINISTERIAL NO. 22 DEL 9 ENERO DE 1987,BVP068,INFORMACION EN VERIFICACION,3917.19104,39171910.39990,36124.43786
68.00000,HB02079,DR. SERVIO AGUIRRE VILAMAGUA,"PROVINCIA: LOJA; CANTON: LOJA",50000.00000,TP2,PRIVADO,REGISTRO OFICIAL NO. 214 DEL 29 DE NOVIMBRE DE 2000 CON RESOLUCION MINISTERIAL NO. 125 DEL 9 DE NOVIEMBRE DE 2000,BVP069,INFORMACION EN VERIFICACION,62.80719,628071.88428,3428.26604
69.00000,HB02080,EL SAYO,"PROVINCIA: LOJA; CANTON: LOJA",50000.00000,TP1,ESTATAL,REGISTRO OFICIAL NO. 207 DEL 20 DE NOVIEMBRE DE 2000 CON RESOLUCION MINISTERIAL NO.120 DEL 30 DE OCTUBRE DE 2000,BVP070,INFORMACION EN VERIFICACION,124.30675,1243067.49512,5687.07696
70.00000,HB02081,RUMI WILCO,"PROVINCIA: LOJA; CANTON: LOJA",50000.00000,TP2,PRIVADO,REGISTRO OFICIAL NO. 145 DEL 21 DE AGOSTO DE 2000 CON RESOLUCION MINISTERIAL NO.49 DEL 14 DE JULIO DE 2000,BVP071,INFORMACION EN VERIFICACION,26.31991,263199.11621,2448.93353
91.00000,HB02110,SELVA VIVA,"PROVINCIA: NAPO; CANTON: TENA",50000.00000,TP1,ESTATAL,REGISTRO OFICIAL NO.29 DEL 19 DE SEPTIEMBRE DE 1996 CON RESOLUCION MINISTERIAL NO.40 DEL 31 DE JULIO DE 1996,BVP092,INFORMACION EN VERIFICACION,523.56783,5235678.26025,11953.55270
128.00000,HB02156,CERRO SUMACO Y CUENCA ALTA DEL RIO SUNO,"PROVINCIA: NAPO Y ORELLANA; CANTON: ARCHIDONA",50000.00000,TP1,ESTATAL,REGISTRO OFICIAL NO. 776 DEL 22 DE SEPTIEMBRE DE 1987 CON RESOLUCION MINISTERIAL NO. 362 DEL 3 DE SEPTIEMBRE DE 1987,BVP0129,INFORMACION EN VERIFICACION,98829.93557,988299355.68555,185450.87181
129.00000,HB02158,PANACOCHA,"PROVINCIA: SUCUMBIOS; CANTON: SHUSHUFINDI",50000.00000,TP1,ESTATAL,REGISTRO OFICIAL NO. 472 DEL 29 DE JUNIO DE 1994,BVP0130,INFORMACION EN VERIFICACION,59490.24692,594902469.17188,139017.90580
71.00000,HB02082,PAPALOMA CHARUM,"PROVINCIA: CANAR; CANTON: BIBLIAN",50000.00000,TP2,PRIVADO,REGISTRO OFICIAL NO. 269 DEL 22 DE JUNIO DE 1982 CON RESOLUCION MINISTERIAL NO.162 DEL 17 DE MAYO DE 1982,BVP072,INFORMACION EN VERIFICACION,146.43940,1464393.99219,5473.60816
72.00000,HB02083,TSURAKU O ARUTAM,"PROVINCIA: PASTAZA; CANTON: PASTAZA",50000.00000,TP1,COMUNITARIOS,REGISTRO OFICIAL NO. 36 DEL 3 DE ABRIL DE 1997 CON RESOLUCION MINISTERIAL NO.13 DEL 24 DE MARZO DE 1997,BVP073,INFORMACION EN VERIFICACION,2761.65034,27616503.37695,31488.45461
73.00000,HB02084,ESTERILLO OLONCITO,"PROVINCIA: SANTA ELENA; CANTON: SANTA ELENA",50000.00000,TP1,ESTATAL,REGISTRO OFICIAL NO. 465 DEL 30 DE NOVIEMBRE DE 2001 CON RESOLUCION MINISTERIAL NO. 72 DEL 14 DE NOVIEMBRE DE 2001,BVP074,INFORMACION EN VERIFICACION,2.32511,23251.13770,679.75733
74.00000,HB02085,JERUSALEN,"PROVINCIA: PICHINCHA; CANTON: PEDRO MONCAYO",50000.00000,TP1,ESTATAL,REGISTRO OFICIAL NO. 227 DEL 6 DE JULIO DE 1989 CON RESOLUCION MINISTERIAL NO.244 DEL 29 DE JUNIO DE 1989,BVP075,INFORMACION EN VERIFICACION,1160.52918,11605291.80371,28303.43054
75.00000,HB02086,CEBU,"PROVINCIA: IMBABURA; CANTON: COTACACHI",50000.00000,TP1,ESTATAL,REGISTRO OFICIAL NO. 362 DEL 1 JULIO DE 2005 CON RESOLUCION MINISTERIAL NO. 15 DEL 1 JUNIO DE 2002,BVP076,INFORMACION EN VERIFICACION,2216.20234,22162023.37988,22083.00809
76.00000,HB02088,SUBCUENCA DEL RIO DUDAHUAYCU,"PROVINCIA: AZUAY; CANTON: CUENCA",50000.00000,TP1,ESTATAL,REGISTRO OFICIAL NO. 303 DEL 9 DE AGOSTO DE 1982 CON RESOLUCION MINISTERIAL NO.227 DEL 28 DE JULIO DE 1982,BVP077,INFORMACION EN VERIFICACION,531.45191,5314519.09521,13709.01498
77.00000,HB02089,HACIENDA SANTA MARTHA DE SHICAL,"PROVINCIA: CANAR; CANTON: CANAR",50000.00000,TP2,PRIVADO,REGISTRO OFICIAL NO. 303 DEL 9 DE AGOSTO DE 1982 CON RESOLUCION MINISTERIAL NO.230 DEL 23 DE JULIO DE 1982,BVP078,INFORMACION EN VERIFICACION,20.28498,202849.76270,2778.83591
78.00000,HB02093,BIOGEOCULTURAL TUNA KARAMMA,"PROVINCIA: MORONA SANTIAGO; CANTON: MORONA",50000.00000,TP1,ESTATAL,REGISTRO OFICIAL NO. 187 DEL 9 OCTUBRE DE 2003 CON RESOLUCION MINISTERIAL NO. 111 DEL 16 SEPTIEMBRE DE 2003,BVP079,INFORMACION EN VERIFICACION,399.40865,3994086.51318,14792.36166
79.00000,HB02095,MIRADOR DE LAS GOLONDRINAS,"PROVINCIA: CARCHI; CANTON: ESPEJO",50000.00000,TP2,PRIVADO,REGISTRO OFICIAL NO. 36 DEL 3 DE ABRIL DE 1997 CON RESOLUCION MINISTERIAL NO.231 24 DE AMRZO DE 1997,BVP080,INFORMACION EN VERIFICACION,177.38005,1773800.48730,6567.92400
81.00000,HB02097,"PERIBUELA, IMANTAG","PROVINCIA: IMBABURA; CANTON: COTACACHI",50000.00000,TP1,ESTATAL,REGISTRO OFICIAL NO. 259 DEL 23 DE AGOSTO DE 1989 CON RESOLUCION MINISTERIAL NO.322 DEL 16 DE AGOSTO DE 1989,BVP082,INFORMACION EN VERIFICACION,346.64722,3466472.19531,14349.32659
82.00000,HB02098,HACIENDA SAN ELOY,"PROVINCIA: PICHINCHA; CANTON: QUITO",50000.00000,TP2,PRIVADO,REGISTRO OFICIAL NO.654 DEL 7 DE OCTUBRE DE 1974 CON RESOLUCION MINISTERIAL NO.610 DEL 19 DE SEPTIEMBRE DE 1974,BVP083,INFORMACION EN VERIFICACION,36.58808,365880.78223,7509.25662
83.00000,HB02099,SAMIKIMI,"PROVINCIA: MORONA SANTIAGO; CANTON: GUALAQUIZA",50000.00000,TP1,ESTATAL,REGISTRO OFICIAL NO. 597 DEL 1 DE JUNIO DE 2002 CON RESOLUCION MINISTERIAL NO.57 DEL 17 DE MAYO DE 2002,BVP084,INFORMACION EN VERIFICACION,550.20295,5502029.54004,10943.78910
84.00000,HB02100,SACHA LODGE,"PROVINCIA: SUCUMBIOS; CANTON: SHUSHUFINDI",50000.00000,TP1,ESTATAL,REGISTRO OFICIAL NO. 164 DEL 5 DE ABRIL DE 2010 CON RESOLUCION MINISTERIAL NO.135 DEL 16 DE DICIEMBRE DE 2009,BVP085,INFORMACION EN VERIFICACION,1475.07576,14750757.64355,18363.81095
85.00000,HB02101,CAMBUGAN,"PROVINCIA: PICHINCHA; CANTON: QUITO",50000.00000,TP2,COMUNITARIOS,REGISTRO OFICIAL NO. 379 DEL 30 JULIO DE 2001 CON RESOLUCION MINISTERIAL NO. 5 DEL 22 JUNIO DE 2001,BVP086,INFORMACION EN VERIFICACION,4115.82707,41158270.68604,28809.78650
86.00000,HB02103,CORDILLERA DEL CONDOR,"PROVINCIA: ZAMORA CHINCHIPE; CANTON: GUALAQUIZA, EL PANGUI",50000.00000,TP1,ESTATAL,REGISTRO OFICIAL NO. 550 DEL 23 DE MARZO DE 2005 CON RESOLUCION MINISTERIAL NO. 137 DEL 3 DE FEBRERO DE 2005,BVP087,INFORMACION EN VERIFICACION,17598.98290,175989829.00928,208026.38392
87.00000,HB02104,MICROCUENCA DEL RIO BLANCO,"PROVINCIA: MORONA SANTIAGO; CANTON: MORONA",50000.00000,TP1,ESTATAL,REGISTRO OFICIAL NO. 84 DEL 8 DE MAYO DE 2000 CON RESOLUCION MINISTERIAL NO.13 DEL 5 DE MAYO DE 2000,BVP088,INFORMACION EN VERIFICACION,1886.90077,18869007.68115,18849.28952
88.00000,HB02107,JECO,"PROVINCIA: AZUAY; CANTON: SAN FERNANDO",50000.00000,TP2,ESTATAL Y PRIVADO,REGISTRO OFICIAL NO. 628 DEL 18 DE FEBRERO DE 1987 CON RESOLUCION MINISTERIAL NO.44 DEL 3 DE FEBRERO DE 1987,BVP089,INFORMACION EN VERIFICACION,2324.14969,23241496.89062,19702.03642
89.00000,HB02108,LOMAS CORAZON Y BRETANA,"PROVINCIA: SUCUMBIOS; CANTON: SAN PEDRO DE HUACAca",50000.00000,TP1,ESTATAL Y PRIVADO,REGISTRO OFICIAL NO. 429 DEL 3 DE MAYO DE 1990 CON RESOLUCION MINISTERIAL NO.232 DEL 24 DE ABRIL DE 1990,BVP090,INFORMACION EN VERIFICACION,7113.74453,71137445.33740,41231.53566
90.00000,HB02109,PARTE MEDIA Y ALTA DEL RIO TIGRE,"PROVINCIA: SUCUMBIOS; CANTON: GONZALO PIZARRO",50000.00000,TP1,ESTATAL,REGISTRO OFICIAL NO. 723 DEL 10 DE JULIO DE 1991 CON RESOLUCION MINISTERIAL NO.322 DEL 28 DE JUNIO DE 1999,BVP091,INFORMACION EN VERIFICACION,5368.66788,53686678.75391,50249.12509
104.00000,HB02129,COOPERATIVA JIMA LTDA.,"PROVINCIA: MORONA SANTIAGO; CANTON: GUALAQUIZA",50000.00000,TP2,PRIVADO,REGISTRO OFICIAL NO. 658 DEL 8 DE ABRIL DE 1991 CON RESOLUCION MINISTERIAL NO. 159 DEL 25 DE MARZO DE 1991,BVP0105,INFORMACION EN VERIFICACION,5290.45077,52904507.69287,33225.45356
105.00000,HB02130,CUEMBI,"PROVINCIA: SUCUMBIOS; CANTON: PUTUMAYO",50000.00000,TP1,ESTATAL,REGISTRO OFICIAL NO. 239 DEL 20 DE JULIO DE 2010 CON RESOLUCION MINISTERIAL NO.80 DEL 13 DE MAYO DE 2010,BVP0106,INFORMACION EN VERIFICACION,101617.43092,1016174309.25977,237267.67194
92.00000,HB02112,VENECIA,"PROVINCIA: NAPO Y ORELLANA; CANTON: TENA",50000.00000,TP2,PRIVADO,REGISTRO OFICIAL NO. 965 DEL 25 DE JUNIO DE 1992 CON RESOLUCION MINISTERIAL NO.280 DEL 16 DE JUNIO DE 1992,BVP093,INFORMACION EN VERIFICACION,168.56615,1685661.51855,5929.30372
93.00000,HB02113,ESTACION CIENTIFICA SAN CARLOS,"PROVINCIA: ORELLANA; CANTON: JOYA DE LOS SACHAS",50000.00000,TP1,ESTATAL,REGISTRO OFICIAL NO. 938 DEL 19 DE MAYO DE 1992 CON RESOLUCION MINISTERIAL NO.157 DEL 10 DE ABRIL DE 1992,BVP094,INFORMACION EN VERIFICACION,109.47336,1094733.61230,4357.76074
94.00000,HB02114,EL HONDON,"PROVINCIA: CARCHI; CANTON: MONTUFAR",50000.00000,TP1,ESTATAL,"REGISTRO OFICIAL NO. 352 DEL 3 DE ENERO DE 2000 CON RESOLUCION MINISTERIAL NO.95 DEL 17 DE DICIEMBRE DE 1999, MODIFICADO CON EL ACUERDO MINISTERIAL NO 129 DEL 10 DE SEPTIEMBRE 2012 PUBLICADO EN EL REGISTRO OFICIAL NO. 814 EL 22 DE OCTUBRE 2012",BVP095,INFORMACION EN VERIFICACION,4211.36334,42113633.44287,35877.34233
95.00000,HB02115,MONDANA,"PROVINCIA: NAPO; CANTON: TENA",50000.00000,TP2,PRIVADO,REGISTRO OFICIAL NO. 499 DEL 22 DE ENERO DE 2002 CON RESOLUCION MINISTERIAL NO.3 DEL 8 DE ENERO DE 2002,BVP096,INFORMACION EN VERIFICACION,371.57007,3715700.71289,18938.49244
96.00000,HB02116,CEPLOA,"PROVINCIA: PASTAZA; CANTON: ARAJUNO",50000.00000,TP2,PRIVADO,REGISTRO OFICIAL NO. 24 DEL 24 DE MAYO DE 2005 CON RESOLUCION MINISTERIAL NO. 136 DEL 24 DE ENERO DE 2005,BVP097,INFORMACION EN VERIFICACION,3326.72120,33267211.99268,33043.67585
97.00000,HB02117,COLINAS CIRCUNDANTES A PORTOVIEJO,"PROVINCIA: MANABI; CANTON: PORTOVIEJO",50000.00000,TP1,ESTATAL,REGISTRO OFICIAL NO. 473 DEL 30 DE JUNIO DE 1994 CON RESOLUCION MINISTERIAL NO. 26 DEL 26 DE MAYO DE 1994,BVP098,INFORMACION EN VERIFICACION,3988.30095,39883009.48291,118690.31665
98.00000,HB02119,ESTACION CIENTIFICA PAYAMINO,"PROVINCIA: ORELLANA; CANTON: ORELLANA",50000.00000,TP1,ESTATAL,REGISTRO OFICIAL NO. 938 DEL 19 DE MAYO DE 1992 CON RESOLUCION MINISTERIAL NO.157 DEL 10 DE ABRIL DE 1992,BVP099,INFORMACION EN VERIFICACION,1034.09106,10340910.63281,21807.91275
99.00000,HB02120,LA BALSA,"PROVINCIA: PICHINCHA; CANTON: SAN MIGUEL DE LOS BANCOS",50000.00000,TP2,PRIVADO,REGISTRO OFICIAL NO. 265 DEL 31 DE AGOSTO DE 1993,BVP0100,INFORMACION EN VERIFICACION,556.43328,5564332.84521,11746.84474
100.00000,HB02121,CONCEPCION DE SALOYA,"PROVINCIA: PICHINCHA; CANTON: SAN MIGUEL DE LOS BANCOS",50000.00000,TP2,PRIVADO,REGISTRO OFICIAL NO. 265 DEL 31 DE AGOSTO DE 1993 CON RESOLUCION MINISTERIAL NO.20 DEL 4 DE AGOSTO DE 1993,BVP0101,INFORMACION EN VERIFICACION,239.24614,2392461.38330,6889.29077
101.00000,HB02122,QUINOA MIGUIR,"PROVINCIA: AZUAY; CANTON: CUENCA",50000.00000,TP1,ESTATAL,REGISTRO OFICIAL NO. 625 DEL 13 DE FEBRERO DE 1987 CON RESOLUCION MINISTERIAL NO.39 DEL 3 DE FEBRERO DE 1987,BVP0102,INFORMACION EN VERIFICACION,284.16331,2841633.10400,13285.66759
102.00000,HB02123,YANSUN - LIMBO,"PROVINCIA: GUAYAS; CANTON: GUAYAQUIL",50000.00000,TP1,ESTATAL,REGISTRO OFICIAL NO. 204 DEL 1 DE JUNIO DE 2010 CON RESOLUCION MINISTERIAL NO.52 DEL 9 DE ABRIL DE 2010,BVP0103,INFORMACION EN VERIFICACION,4012.75400,40127540.00000,27451.67540
103.00000,HB02128,JAWA JEE,"PROVINCIA: PASTAZA; CANTON: MERA",50000.00000,TP1,ESTATAL Y PRIVADO,REGISTRO OFICIAL NO. 40 DEL 22 DE ABRIL DE 1997 CON RESOLUCION MINISTERIAL NO.14 DEL 24 DE MARZO DE 1997,BVP0104,INFORMACION EN VERIFICACION,544.76887,5447688.68799,11098.75370
106.00000,HB02131,BOSQUEIRA,"PROVINCIA: GUAYAS; CANTON: GUAYAQUIL",50000.00000,TP1,ESTATAL,REGISTRO OFICIAL NO. 123 DEL 4 DE FEBRERO DE 2010 CON RESOLUCION MINISTERIAL NO.122 DEL 25 DE NOVIEMBRE DE 2009,BVP0107,INFORMACION EN VERIFICACION,130.57858,1305785.77246,6388.88512
107.00000,HB02132,HUMEDAL DEL YALARE,"PROVINCIA: ESMERALDAS; CANTON: SAN LORENZO",50000.00000,TP1,ESTATAL,REGISTRO OFICIAL NO. 172 DEL 14 DE OCTUBRE DE 1997 CON RESOLUCION MINISTERIAL NO.35 DEL 17 DE JULIO DE 1997,BVP0108,INFORMACION EN VERIFICACION,1681.76739,16817673.89209,20160.81253
108.00000,HB02133,MICHA NUNKE,"PROVINCIA:ZAMORA CHINCHIPE; CANTON: YACUAMBI",50000.00000,TP2,PRIVADO,REGISTRO OFICIAL NO. 340 DEL 19 DE MAYO DE 2008,BVP0109,INFORMACION EN VERIFICACION,1613.31668,16133166.75537,18320.69907
109.00000,HB02134,ABANICO,"PROVINCIA: MORONA SANTIAGO; CANTON: MORONA Y RIO UPANO",50000.00000,TP2,PRIVADO,REGISTRO OFICIAL NO.312 DEL 13 DE JULIO DE 2006 CON RESOLUCION MINISTERIAL NO.70 DEL 13 DE JULIO DE 2006,BVP0110,INFORMACION EN VERIFICACION,4456.67593,44566759.33008,37037.66063
110.00000,HB02135,CANGREJAL DE OLON,"PROVINCIA: SANTA ELENA; CANTON: SANTA ELENA",50000.00000,TP1,ESTATAL,"REGISTRO OFICIAL NO. 582 DEL 23 DE MAYO DE 2002 CON RESOLUCION MINISTERIAL NO.32 DEL 26 DE MARZO DE 2002, MODIFICATORIA 18 FEBRERO 2003",BVP0111,INFORMACION EN VERIFICACION,6.86895,68689.49902,1256.92981
111.00000,HB02136,TIWI NUNKA,"PROVINCIA: ZAMORA CHINCHIPE; CANTON: YACUAMBI",50000.00000,TP1,ESTATAL,REGISTRO OFICIAL NO. 340 DEL 19 DE MAYO DE 2008,BVP0112,INFORMACION EN VERIFICACION,7027.63853,70276385.28857,45460.17731
112.00000,HB02137,LA CHORA ROSABEL,"PROVINCIA: LOJA; CANTON: GONZANAMA",50000.00000,TP2,PRIVADO,REGISTRO OFICIAL NO. 451 DEL 22 DE OCTUBRE DE 2008 CON RESOLUCION MINISTERIAL NO.147 DEL 22 DE OCTUBRE DE 2008,BVP0113,INFORMACION EN VERIFICACION,165.01687,1650168.69385,5908.45269
113.00000,HB02141,LA PAZ Y SAN JOSE DE QUIJOS,"PROVINCIA: PICHINCHA; CANTON: QUITO",50000.00000,TP2,PRIVADO,REGISTRO OFICIAL NO. 187 DEL 16 DE MAYO DE 1985 CON RESOLUCION MINISTERIAL NO.142 DEL 3 DE MAYO DE 1985,BVP0114,INFORMACION EN VERIFICACION,399.01404,3990140.40576,8893.64320
114.00000,HB02142,SAN CARLOS DE YANAHURCO,"PROVINCIA: PICHINCHA; CANTON: QUITO",50000.00000,TP2,PRIVADO,REGISTRO OFICIAL NO. 495 DEL 7 DE AGOSTO DE 1986 CON RESOLUCION MINISTERIAL NO.257 DEL 13 DE JULIO DE 1986,BVP0115,INFORMACION EN VERIFICACION,645.11696,6451169.62012,22668.68923
115.00000,HB02143,CARACHA,"PROVINCIA: PICHINCHA; CANTON: QUITO",50000.00000,TP2,PRIVADO,REGISTRO OFICIAL NO. 614 DEL 29 ENERO DE 1987 CON RESOLUCION MINISTERIAL NO. 1 DEL 6 ENERO DE 1987,BVP0116,INFORMACION EN VERIFICACION,260.41098,2604109.76221,12078.78271
116.00000,HB02144,TAMBO GRANDE LA FLORIDA,"PROVINCIA: IMBABURA; CANTON: PIMAMPIRO",50000.00000,TP2,PRIVADO,REGISTRO OFICIAL NO. 471 DEL 28 DE JUNIO DE 1994 CON RESOLUCION MINISTERIAL NO.1 DEL 6 DE ENERO DE 1994,BVP0117,INFORMACION EN VERIFICACION,150.02094,1500209.35156,6539.61319
117.00000,HB02145,MILPE PACHIJAL,"PROVINCIA: PICHINCHA; CANTON: SAN MIGUEL DE LOS BANCOS",50000.00000,TP2,PRIVADO,REGISTRO OFICIAL NO. 145 DEL 21 DE AGOSTO DE 2000 CON RESOLUCION MINISTERIAL NO.48 DEL 17 DE JULIO DE 2000,BVP0118,INFORMACION EN VERIFICACION,373.34218,3733421.83594,9675.25091
118.00000,HB02146,DELTA,"PROVINCIA: SANTO DOMINGO DE LOS TSACHILAS; CANTON: SANTO DOMINGO",50000.00000,TP2,PRIVADO,REGISTRO OFICIAL NO. 265 DEL 31 DE AGOSTO DE 1993 CON RESOLUCION MINISTERIAL NO. 16 DEL 15 DE JUNIO DE 1993,BVP0119,INFORMACION EN VERIFICACION,80.31372,803137.20850,4329.76330
119.00000,HB02147,"UZCHURRUMI, LA CADENA, PENA DORADA,  BRASIL","PROVINCIA: AZUAY, EL ORO; CANTON: PUCARA, SANTA ISABEL, EL GUABO",50000.00000,TP1,ESTATAL Y PRIVADO,REGISTRO OFICIAL NO. 545 DEL 14 DE MARZO DE 1978,BVP0120,INFORMACION EN VERIFICACION,109281.80472,1092818047.18457,256189.29371
120.00000,HB02148,CERRO EL PARAISO,"PROVINCIA: GUAYAS; CANTON: GUAYAQUIL",50000.00000,TP1,ESTATAL,REGISTRO OFICIAL NO. 132 DEL 20 FEBRERO DE 1989 CON RESOLUCION MINISTERIAL NO. 60 DEL 10 DE FEBRERO 1989,BVP0121,INFORMACION EN VERIFICACION,297.99097,2979909.68359,17287.31034
121.00000,HB02149,MOLLETURO Y MOLLEPUNGO,"PROVINCIA: AZUAY; CANTON: CUENCA",50000.00000,TP1,ESTATAL Y PRIVADO,REGISTRO OFICIAL NO. 363 DEL 20 DE ENERO DE 1994 CON RESOLUCION MINISTERIAL NO.37 DEL 17 DE NOVIEMBRE DE 1993,BVP0122,INFORMACION EN VERIFICACION,140593.11145,1405931114.51855,772102.23565
122.00000,HB02150,SUBCUENCA ALTA DEL RIO LEON Y MICROCUENCAS DE LOS RIOS SAN FELIPE DE ONA Y SHINCATA,"PROVINCIA: AZUAY, LOJA, ZAMORA CHINCHIPE; CANTON: NABON, SIG SIG, ONA, SARAGURO, YACUAMBI",50000.00000,TP1,ESTATAL,REGISTRO OFICIAL NO. 182 DEL 29 DE ABRIL DE 2010 CON RESOLUCION MINISTERIAL NO.3 DEL 2 DE JUNIO DE 2009,BVP0123,INFORMACION EN VERIFICACION,51969.77372,519697737.17432,218012.62047
123.00000,HB02151,SUBCUENCA DEL RIO BLANCO - PIMAMPIRO,"PROVINCIA: IMBABURA; CANTON: PIMAMPIRO",50000.00000,TP1,ESTATAL,REGISTRO OFICIAL NO. 43 DEL 11 DE OCTUBRE DE 1988 CON RESOLUCION MINISTERIAL NO.37 DEL 3 DE ACTUBRE DE 1988,BVP0124,INFORMACION EN VERIFICACION,1060.78650,10607865.04248,16498.60094
124.00000,HB02152,TUKUPI NUNKE,"PROVINCIA: ZAMORA CHINCHIPE; CANTON: YACUAMBI",50000.00000,TP1,ESTATAL,REGISTRO OFICIAL NO. 340 DEL 19 DE MAYO DE 2008 CON RESOLUCION MINISTERIAL NO.67 DEL 29 DE MAYO DE 2008,BVP0125,INFORMACION EN VERIFICACION,5000.07901,50000790.07031,37198.92338
130.00000,HB02159,TULIPA PACHIJAL,"PROVINCIA: PICHINCHA; CANTON: QUITO",50000.00000,TP1,ESTATAL,REGISTRO OFICIAL NO. 63 DEL 10 DE NOVIEMBRE DE 2009,BVP0131,INFORMACION EN VERIFICACION,73.84215,738421.50000,3598.77975
131.00000,HB02160,MUROCOMBA,"PROVINCIA: LOS RIOS; CANTON: VALENCIA",50000.00000,TP1,ESTATAL Y PRIVADO,REGISTRO OFICIAL NO. 370 DEL 25 DE ENERO DE 2011 CON RESOLUCION MINISTERIAL NO.236 DEL 17 DE DICIEMBRE DE 2010,BVP0132,INFORMACION EN VERIFICACION,9902.50331,99025033.11865,46666.68986
132.00000,HB02161,EL CERCADO,"PROVINCIA: CHIMBORAZO; CANTON: RIOBAMBA",5000.00000,TP2,PRIVADO,REGISTRO OFICIAL NO. 157 DEL 29 DE MARZO DE 1993 CON RESOLUCION MINISTERIAL NO. 2 DEL 5 DE ENERO DE 1993,BVP0133,INFORMACION EN VERIFICACION,51.98744,519874.42383,5101.43116
133.00000,HB02162,SUBCUENCA ALTA DEL RIO BLANCO,"PROVINCIA: CHIMBORAZO; CANTON: RIOBAMBA, CHAMBO",5000.00000,TP1,ESTATAL,REGISTRO OFICIAL NO. 429 DEL 3 DE MAYO DE 1990 CON RESOLUCION MINISTERIAL NO.40,BVP0134,INFORMACION EN VERIFICACION,4893.30552,48933055.20020,41382.44101
134.00000,HB02164,CHORRO,"PROVINCIA: AZUAY; CANTON: GIRON",50000.00000,TP1,ESTATAL Y PRIVADO,REGISTRO OFICIAL NO. 143 DEL 4 DE MARZO DE 2010 CON RESOLUCION MINISTERIAL NO. 12 DEL 26 DE FEBRERO DE 2009,BVP0135,INFORMACION EN VERIFICACION,4807.02637,48070263.73633,39694.35942
135.00000,HB02165,PASO ALTO,"PROVINCIA: PICHINCHA; CANTON QUITO",50000.00000,TP1,ESTATAL,REGISTRO OFICIAL NO. 370 DEL 25 ENERO DE 2011,BVP0136,INFORMACION EN VERIFICACION,4813.80402,48138040.18750,46521.50514
136.00000,HB02166,CASCADA DE PEGUCHE,"PROVINCIA: IMBABURA; CANTON: OTAVALO",50000.00000,TP1,ESTATAL Y PRIVADO,REGISTRO OFICIAL NO.620 DEL 26 DE ENERO DE 1995 CON RESOLUCION MINISTERIAL NO. 58 DE ENERO DE 1995,BVP0137,INFORMACION EN VERIFICACION,39.84089,398408.89941,3859.62899
137.00000,HB02111,CHAMISO MINAS,"PROVINCIA: CARCHI; CANTON: MONTUFAR",50000.00000,TP1,ESTATAL Y PRIVADO,"RESOLUCION NO 13 DEL 20 DE MARZO DE 1995, PUBLICADO EN EL REGISTRO OFICIAL NO 379 EL 30 JUNIO DEL 2001, MODIFICADO CON EL ACUERDO MINISTERIAL NO. 129 DEL 10 DE SEPTIEMBRE 2012 PUBLICADO EN EL REGISTRO OFICIAL NO. 814 EL 22 DE OCTUBRE 2012",BVP0138,INFORMACION EN VERIFICACION,3104.94701,31049470.10205,43024.58014
138.00000,HB02127,"CUENCAS QUE FORMAN LOS RIOS: SAN FRANCISCO, SAN RAMON Y SABANILLA","PROVINCIA: ZAMORA CHINCHIPE; CANTON: LOJA, ZAMORA",50000.00000,TP1,ESTATAL,REGISTRO OFICIAL NO. 79 DEL 14 DE NOVIEMBRE DE 1970 CON RESOLUCION MINISTERIAL NO.426 DEL 29 DE SEPTIEMBRE DE 1970,BVP0139,INFORMACION EN VERIFICACION,8424.99286,84249928.63379,85955.55533
139.00000,HB02025,EL BERMEJO,"PROVINCIA: SUCUMBIOS; CANTON: CASCALES",50000.00000,TP1,ESTATAL,REGISTRO OFICIAL NO. 324 DEL 25 DE MAYO DE 1998 CON RESOLUCION MINISTERIAL NO. 19 DEL 11 DE MAYO DE 1998,BVP0140,INFORMACION EN VERIFICACION,10885.06593,108850659.30078,68836.68120
140.00000,HB02167,EL INGENIO Y SANTA ROSA,"PROVINCIA: LOJA; CANTON: QUILANGA, ESPINDOLA",50000.00000,TP2,PRIVADO,REGISTRO OFICIAL NO. 806 DEL 9 DE NOVIEMBRE DE 1987 CON RESOLUCION MINISTERIAL NO. 435 DEL 22 DE OCTUBRE DE 1987,BVP0141,INFORMACION EN VERIFICACION,12416.51708,124165170.75342,62162.70534
141.00000,HB02034,INTAG (EL CHONTAL),"PROVINCIA: IMBABURA; CANTON: COTACACHI",50000.00000,TP2,PRIVADO,REGISTRO OFICIAL NO. 471 DEL 28 DE JUNIO DE 1994 CON RESOLUCION MINISTERIAL NO.2 DEL 14 DE ENERO DE 1994,BVP0142,INFORMACION EN VERIFICACION,6988.81607,69888160.65479,46381.12568
142.00000,HB02106,ILALO,"PROVINCIA: PICHINCHA; CANTON: QUITO",50000.00000,TP1,ESTATAL,REGISTRO OFICIAL NO. 363 DEL 20 DE ENERO DE 1994 CON RESOLUCION MINISTERIAL NO.40 DEL 20 DE ENERO DE 1994,BVP0143,INFORMACION EN VERIFICACION,3260.27395,32602739.47266,61223.30553
143.00000,HB02061,PREDIO PACAY,"PROVINCIA: PICHINCHA; CANTON: QUITO",50000.00000,TP2,PRIVADO,REGISTRO OFICIAL NO. 308 DEL 26 DE OCTUBRE DE 2010 CON RESOLUCION MINISTERIAL NO.151 DEL 1 DE SEPTIEMBRE DE 2010,BVP0144,INFORMACION EN VERIFICACION,518.99361,5189936.07861,18475.49915
144.00000,HB02045,HACIENDA LA PERLA,"PROVINCIA: SANTO DOMINGO DE LOS TSACHILAS; CANTON: CONCORDIA, PARROQUIA: LA CONCORDIA",25000.00000,TP2,PRIVADO,REGISTRO OFICIAL NO. 782 DEL 05 DE SEPTIEMBRE DE 2012 CON ACUERDO MINISTERIAL NO. 023 DEL 14 DE MARZO DEL 2012,BVP0146,INFORMACION EN VERIFICACION,282.91305,2829130.45947,24730.43138
145.00000,HB02138,MINDO NAMBILLO,"PROVINCIA: PICHINCHA; CANTON: QUITO, SAN MIGUEL DE LOS BANCOS",50000.00000,TP1,ESTATAL Y PRIVADO,REGISTRO OFICIAL NO. 921 DEL 25 DE ABRIL DE 1988 CON RESOLUCION MINISTERIAL NO.118 DE 12 DE ABRIL DE 1988,BVP0147,INFORMACION EN VERIFICACION,19530.82032,195308203.18604,150157.22799
146.00000,HBO2011,FLANCO ORIENTAL DE PICHINCHA Y CINTURON VERDE DE QUITO,"PROVINCIA: PICHINCHA; CANTON: QUITO",50000.00000,TP1,ESTATAL,REGISTRO OFICIAL NO. 363 DEL 20 DE ENERO DE 1994 CON RESOLUCION MINISTERIAL NO.127 DEL 12 DE ABRIL DE 1968,BVP0148,INFORMACION EN VERIFICACION,25299.05433,252990543.28369,307516.17927
147.00000,HB02090,"CUENCA RIO GUAYLLABAMBA (AREA 1), AREA DE DRENAJE DE LOS RIOS UMACHACA, QUEBRADA AFILANA, MARGEN IZQ. DEL RIO  PICHAN, ALAMBI ALTO Y TANDAYAPA","PROVINCIA: PICHINCHA; CANTON: QUITO",50000.00000,TP1,ESTATAL,REGISTRO OFICIAL NO. 213 DEL 16 DE JUNIO DE 1989 CON RESOLUCION MINISTERIAL NO. 226 DEL 7 DE JUNIO DE 1989,BVP0149,INFORMACION EN VERIFICACION,14452.41552,144524155.16748,90010.88445
148.00000,HB02139,SANTA ROSA Y YASQUEL,"PROVINCIA: PICHINCHA; CANTON: QUITO",50000.00000,TP2,PRIVADO,REGISTRO OFICIAL NO. 616 DEL 2 DE FEBRERO DE 1987 CON RESOLUCION MINISTERIAL NO.6,BVP0150,INFORMACION EN VERIFICACION,2597.16198,25971619.83301,33917.16635
149.00000,HB02140,TOAZA,"PROVINCIA: PICHINCHA; CANTON: QUITO",50000.00000,TP2,PRIVADO,REGISTRO OFICIAL NO. 112 DEL 19 DE FEBRERO DE 1989 CON RESOLUCION MINISTERIAL NO.103 DEL 10 DE FEBRERO DE 1989,BVP0151,INFORMACION EN VERIFICACION,1246.90002,12469000.19629,20655.32521
150.00000,HB02168,GUYABILLAS,"PROVINCIA: IMBABURA; CANTON: IBARRA",50000.00000,TP1,ESTATAL,REGISTRO OFICIAL NO. 442 DEL 29 DE OCTUBRE DE 2001 CON RESOLUCION MINISTERIAL NO. 47 DEL  16 DE OCTUBRE DE 2001,BVP0152,INFORMACION EN VERIFICACION,56.70505,567050.48438,3408.54328
151.00000,HB02126,CORAZON DE ORO,"PROVINCIA: ZAMORA CHINCHIPE; CANTON: ZAMORA, LOJA",50000.00000,TP1,ESTATAL,REGISTRO OFICIAL NO. 99 DEL 15 DE JUNIO DE 2000 CON RESOLUCION MINISTERIAL NO.15 DEL 11 DE MAYO DE 2000,BVP0153,INFORMACION EN VERIFICACION,41485.64150,414856414.94092,212094.70585
152.00000,HB02067,SANTA RITA,"PROVINCIA: LOJA; CANTON: GONZANAMA, CATAMAYO",50000.00000,TP1,ESTATAL,REGISTRO OFICIAL NO. 946 DEL 31 DE MAYO DE 1988 CON RESOLUCION MINISTERIAL NO.179 DEL 17 DE MAYO DE 1988,BVP0154,INFORMACION EN VERIFICACION,2141.47043,21414704.31641,51095.50439
153.00000,HB02169,PAPAGAYO DE GUAYAQUIL,"PROVINCIA: GUAYAS; CANTON: GUAYAQUIL",50000.00000,TP1,ESTATAL,REGISTRO OFICIAL NO. 791 DEL 18 DE SEPTIEMBRE DEL 2012 CON ACUERDO MINISTERIAL NO. 105 DEL 03 DE AGOSTO DEL 2012,BVP0155,INFORMACION EN VERIFICACION,3602.12132,36021213.21240,54600.92363
154.00000,HB02170,TANTI,"PROVINCIA: SANTO DOMINGO DE LOS TSACHILAS; CANTON: SANTO DOMINGO",50000.00000,TP2,PRIVADO,RESOLUCION NO. 012 DEL 17 DE MARZO DE 1995,BVP0156,INFORMACION EN VERIFICACION,248.41640,2484163.99023,8253.10307
155.00000,HB02118,HABITAGUA,"PROVINCIA: PASTAZA; CANTON: MERA",50000.00000,TP1,ESTATAL,REGISTRO OFICIAL NO. 620 DEL 26 DE ENERO DE 1995 CON RESOLUCION MINISTERIAL NO.51 DEL 3 DE OCTUBRE DE 1994,BVP0157,INFORMACION EN VERIFICACION,4421.75220,44217521.99609,82291.96119
156.00000,HB02092,PARTE DE LOS CERROS DE LOS LLANGANATES,"PROVINCIA: COTOPAXI, TUNGURAHUA; CANTON: SALCEDO, SANTIAGO DE PILLARO",50000.00000,TP1,ESTATAL,REGISTRO OFICIAL NO. 794 DEL 21 DE OCTUBRE DE 1991 CON RESOLCUCION MINISTERIAL NO. 459 DEL 14 DE OCTUBRE DE 1991,BVP0158,INFORMACION EN VERIFICACION,1170.97316,11709731.62646,29307.75977
157.00000,HB02091,"SUBCUENCAS ALTAS DE LOS RIOS ANTISANA, TAMBO, TAMBOYACU Y PITA","PROVINCIA: PICHINCHA, NAPO; CANTON: QUITO, MEJIA, RUMINAHUI, ARCHIDONA",50000.00000,TP1,ESTATAL Y PRIVADO,REGISTRO OFICIAL NO. 473 DEL 30 DE JUNIO DE 1994,BVP0159,INFORMACION EN VERIFICACION,68765.58039,687655803.85889,205477.37397
158.00000,HB02105,"CUENCAS DE LOS RIOS COLONSO, TENA, SHITI","PROVINCIA: NAPO; CANTON: ARCHIDONA",50000.00000,TP1,ESTATAL,REGISTRO OFICIAL NO. 348 DEL 26 DE JUNIO DE 1998 CON RESOLUCION MINISTERIAL NO. 27 DEL 17 DE JUNIO DE 1998,BVP0160,INFORMACION EN VERIFICACION,2015.11130,20151112.96143,27051.61625
159.00000,HB02094,EL SENDERO PALO SANTO,"PROVINCIA: GUAYAS; CANTON: GUAYAQUIL",50000.00000,TP1,ESTATAL,"REGISTRO OFICIAL NO. 10 DEL 23 DE AGOSTO DE 1996 CON RESOLUCION MINISTERIAL NO. 39 DEL 31 DE JULIO DE 1996, MODIFICADO CON ACUERDO MINISTERIAL 1358",BVP0161,INFORMACION EN VERIFICACION,4.00221,40022.14209,940.04041
160.00000,HB02171,POZA HONDA,"PROVINCIA: MANABI; CANTON: SANTA ANA Y PORTOVIEJO",50000.00000,TP1,ESTATAL,REGISTRO OFICIAL NO. 82 DEL 16 DE JUNIO DE 1972,BVP0162,INFORMACION EN VERIFICACION,35856.40321,358564032.08936,116476.14549
161.00000,HB02157,CUENCA ALTA DEL RIO NANGARITZA,"PROVINCIA: ZAMORA CHINCHIPE; CANTON: NANGARITZA, PALANADA",50000.00000,TP1,ESTATAL,REGISTRO OFICIAL NO. 508 DEL 4 DE FEBRERO DE 2002 CON RESOLUCION MINISTERIAL NO.8 DEL 11 DE ENERO DE 2002,BVP0163,INFORMACION VERIFICADA,77329.91019,773299101.87109,328268.61221
162.00000,HB02163,15 AREAS DEL INTERIOR DE LA CUENCA DEL RIO PAUTE,"PROVINCIA: AZUAY; CANTON: CUENCA",50000.00000,TP1,ESTATAL,"REGISTRO OFICIAL NO. 255 DEL 22 DE AGOSTO DE 1985 CON RESOLUCION MINISTERIAL NO. 292 DEL 30 DE JULIO DE 1985, MODIFICADO CON EL ACUERDO NO. 373 25 DE NOVIEMBRE DEL 2014",BVP0164,INFORMACION EN VERIFICACION,152335.85988,1523358598.80420,972190.87539
163.00000,HB02172,CUENCA DEL RIO PAUTE,"PROVINCIA: AZUAY, MORONA SANTIAGO;  CANTON: SEVILLA DE ORO, SANTIAGO",50000.00000,TP1,ESTATAL Y PRIVADO,REGISTRO OFICIAL NO.181 DEL 15 DE MARZO DE 1971 CON RESOLUCION MINISTERIAL  328,BVP0165,INFORMACION EN ACTUALIZACION,48182.90680,481829068.00488,125594.94609
164.00000,HB02102,TINAJILLAS RIO GUALACENO,"PROVINCIA: MORONA SANTIAGO; CANTON: SANTIAGO,YUGANZA",50000.00000,TP1,ESTATAL Y PRIVADO,REGISTRO OFICIAL NO. 597 DEL 14 DE JUNIO DE 2002 CON RESOLUCION MINISTERIAL NO.58 DEL 17 DE MAYO DE 2002,BVP0166,INFORMACION EN VERIFICACION,30133.55107,301335510.63916,91267.15957
165.00000,HB02087,CORDILLERA KUTUKU Y SHAIMI,"PROVINCIA: MORONA SANTIAGO; CANTON: TIWINTZA, PATUCA",50000.00000,TP1,ESTATAL,REGISTRO OFICIAL NO. 476 DEL 10 DE JULIO DE 1990 CON RESOLUCION MINISTERIAL NO.402 DEL 3 DE JULIO DE 1990 MODIFICADO 2015,BVP0167,INFORMACION VERIFICADA,342025.43393,3420254339.30029,641111.93929
166.00000,HB02173,CERRO CANDELARIA,"PROVINCIA: TUNGURAHUA; CANTON:BANOS",50000.00000,TP2,PRIVADO,ACUERDO MINISTERIAL NO 107 DEL 17 DE AGOSTO DEL 2015,BVP0168,INFORMACION VERIFICADA,3386.88504,33868850.36182,41565.41974
167.00000,HB02174,LOS GELICES,"PROVINCIA: GUAYAS; CANTON GUAYAQUIL",10000.00000,TP2,PRIVADO,ACUERDO MINISTERIAL NO 101 DEL 11 DE AGOSTO EL 2015,BVP0169,INFORMACION VERIFICADA,1122.71097,11227109.70996,14202.68770
168.00000,HB02015,CERRO CASIGANA,"PROVINCIA: TUNGURAHUA; CANTON: AMBATO",50000.00000,TP1,ESTATAL,REGISTRO OFICIAL NO. 8 DEL 22 DE AGOSTO DE 1984 CON RESOLUCION MINISTERIAL NO. 364 DEL 5 JULIO DE 1984,BVP018,INFORMACION VERIFICADA,175.27933,1752793.28223,11499.97632
169.00000,HB02072,TANLAHUA Y AMPLIACION,"PROVINCIA: PICHINCHA; CANTON: QUITO",50000.00000,TP2,PRIVADO,REGISTRO OFICIAL NO. 808 DEL 24 DE OCTUBRE DE 1995 CON RESOLUCION MINISTERIAL NO.11 DEL 7 DE ABRIL DE 1995,BVP0145,INFORMACION EN VERIFICACION,1862.28298,18622829.78662,48645.57323
170.00000,HBO2011,FLANCO ORIENTAL DE PICHINCHA Y CINTURON VERDE DE QUITO,"PROVINCIA: PICHINCHA; CANTON: QUITO",50000.00000,TP1,ESTATAL,REGISTRO OFICIAL NO. 363 DEL 20 DE ENERO DE 1994 CON RESOLUCION MINISTERIAL NO.127 DEL 12 DE ABRIL DE 1968 MODIFICADO ACUERDO MINISTERIAL 131 SEPTIEMBRE 2015,BVP0148,INFORMACION VERIFICADA,7780.38872,77803887.20264,162217.88755
171.00000,HBO2013,RIO AGUARICO,"PROVINCIA: ORELLANA; CANTON: AGUARICO",250000.00000,TP1,ESTATAL,,BVPF01,INFORMACION EN VERIFICACION,48182.00419,481820041.95410,194144.34290
172.00000,HB02175,"SUBCUENCA ALTA DEL RIO CINTO, SALOYA Y QDA SAN JUAN","PROVINCIA:PICHINCHA; CANTON: QUITO",50000.00000,TP1,ESTATAL,"ACUERDO MINISTERIAL NO. 0100 DEL 21 DE FEBRERO DE 1992, PUBLICADO CON REGISTRO OFICIAL NO 891 DE 11 DE MARZO DE 1992",BVP170,INFORMACION EN VERIFICACION,8960.54709,89605470.93652,126069.36989
55.00000,HB02065,HACIENDA SANTA ROSA DE CUMANDA,"PROVINCIA: CHIMBORAZO; CANTON: CUMANDA",50000.00000,TP2,PRIVADO,REGISTRO OFICIAL NO. 217 DEL 17 DE DICIEMBRE DE 1997 CON RESOLUCION MINISTERIAL NO.41 DEL 13 DE OCTUBRE DE 1997,BVP056,INFORMACION EN VERIFICACION,133.78452,1337845.21875,5746.97388
8.00000,HB02010,TOACHI PILATON,"PROVINCIA: PICHINCHA, SANTO DOMINGO DE LOS TSACHILAS; CANTON: SANTO DOMINGO, MEJIA",50000.00000,TP1,ESTATAL Y PRIVADO,REGISTRO OFICIAL NO. 770 DEL 14 DE JUNIO DE 1987 CON RESOLUCION MINISTERIAL NO.352 DEL 26 DE AGOSTO DE 1987,BVP08,INFORMACION EN VERIFICACION,96621.80645,966218064.49316,431889.12695
173.00000,HB02092,PARTE DE LOS CERROS DE LOS LLANGANATES,"PROVINCIA: COTOPAXI, TUNGURAHUA; CANTON: SALCEDO, SANTIAGO DE PILLARO",50000.00000,TP1,ESTATAL,REGISTRO OFICIAL NO. 794 DEL 21 DE OCTUBRE DE 1991 CON RESOLCUCION MINISTERIAL NO. 459 DEL 14 DE OCTUBRE DE 1991,BVP0158,INFORMACION EN VERIFICACION,1199.31752,11993175.18262,29454.45861
